index,ID,DATE,TO USER ACCOUNT,FROM USER ACCOUNT,REASON,SCORE 1,SCORE 2,SCORE 3,SCORE 4,SCORE 5,DUPLICATE ID 1,DUPLICATE ID 2,DUPLICATE ID 3,DUPLICATE ID 4,DUPLICATE ID 5,DISMISSED 1,DISMISSED 2,DISMISSED 3,DISMISSED 4,DISMISSED 5,QUANTIFIER 1 USERNAME,QUANTIFIER 2 USERNAME,QUANTIFIER 3 USERNAME,QUANTIFIER 4 USERNAME,QUANTIFIER 5 USERNAME,AVG SCORE,SPREAD
12,63a39cbd4287630828df0626,2022-12-21T23:54:37.908Z,Vyvy-vi#5040,pat.zip (TE Academy)#5266,"for building the praise bot that includes sending DMs for important reminders, for example for quantifiers to quantify",13,21,21,55,5,,,,,,False,False,False,False,False,lee0007#8152,Mettodo#7010,Nuggan#5183,r33pich33p#6906,Zeptimus#3359,23.0,50
19,63a5bf3f4287630828df0681,2022-12-23T14:46:23.340Z,pat.zip (TE Academy)#5266,divine_comedian#5493,"for the amazing and constant community work they are doing in the Token Engineering Academy! So much stuff happening all the time, it's really great to see.",21,13,8,55,8,,,,,,False,False,False,False,False,lee0007#8152,Mettodo#7010,Nuggan#5183,r33pich33p#6906,Zeptimus#3359,21.0,47
18,63a5bf3e4287630828df067a,2022-12-23T14:46:22.801Z,angieberry.eth#9822,divine_comedian#5493,"for the amazing and constant community work they are doing in the Token Engineering Academy! So much stuff happening all the time, it's really great to see.",13,13,8,55,8,,,,,,False,False,False,False,False,lee0007#8152,Mettodo#7010,Nuggan#5183,r33pich33p#6906,Zeptimus#3359,19.4,47
17,63a5bf3e4287630828df0673,2022-12-23T14:46:22.171Z,🐙 octopus#5508,divine_comedian#5493,"for the amazing and constant community work they are doing in the Token Engineering Academy! So much stuff happening all the time, it's really great to see.",21,13,8,55,8,,,,,,False,False,False,False,False,lee0007#8152,Mettodo#7010,Nuggan#5183,r33pich33p#6906,Zeptimus#3359,21.0,47
16,63a5bf3d4287630828df066c,2022-12-23T14:46:21.012Z,akrtws (TE Academy)#4246,divine_comedian#5493,"for the amazing and constant community work they are doing in the Token Engineering Academy! So much stuff happening all the time, it's really great to see.",21,21,8,55,8,,,,,,False,False,False,False,False,lee0007#8152,Mettodo#7010,Nuggan#5183,r33pich33p#6906,Zeptimus#3359,22.6,47
6,63a246144287630828df05e3,2022-12-20T23:32:36.572Z,SatoriD#2945,Mert Ozd#6679,"for amaing work in conslience library process. They succesfully project manage, turn design ideas to actual designs and functional wireframes. It is truly a amazing work that one praise may not cover fully.",8,21,21,55,8,,,,,,False,False,False,False,False,lee0007#8152,Mettodo#7010,Nuggan#5183,r33pich33p#6906,Zeptimus#3359,22.6,47
7,63a246144287630828df05ea,2022-12-20T23:32:36.992Z,solsista#5370,Mert Ozd#6679,"for amaing work in conslience library process. They succesfully project manage, turn design ideas to actual designs and functional wireframes. It is truly a amazing work that one praise may not cover fully.",8,8,21,55,13,,,,,,False,False,False,False,False,lee0007#8152,Mettodo#7010,Nuggan#5183,r33pich33p#6906,Zeptimus#3359,21.0,47
8,63a246154287630828df05f1,2022-12-20T23:32:37.316Z,Jolly LaMa#5962,Mert Ozd#6679,"for amaing work in conslience library process. They succesfully project manage, turn design ideas to actual designs and functional wireframes. It is truly a amazing work that one praise may not cover fully.",8,8,21,55,13,,,,,,False,False,False,False,False,lee0007#8152,Mettodo#7010,Nuggan#5183,r33pich33p#6906,Zeptimus#3359,21.0,47
9,63a246154287630828df05f9,2022-12-20T23:32:37.783Z,Letty#5399,Mert Ozd#6679,"for amaing work in conslience library process. They succesfully project manage, turn design ideas to actual designs and functional wireframes. It is truly a amazing work that one praise may not cover fully.",8,8,21,55,8,,,,,,False,False,False,False,False,lee0007#8152,Mettodo#7010,Nuggan#5183,r33pich33p#6906,Zeptimus#3359,20.0,47
15,63a55a5c4287630828df065d,2022-12-23T07:35:56.295Z,divine_comedian#5493,innov8tor3#3988,"for the dedication he shows to the rewards scheme, making sure praise raters show up regularly to allocate praise scores. I hope he's getting some great insight from this and can in time use it more widely on behalf of TEC",13,55,21,55,21,,,,,,False,False,False,False,False,lee0007#8152,Mettodo#7010,Nuggan#5183,r33pich33p#6906,Zeptimus#3359,33.0,42
10,63a2a3054287630828df0608,2022-12-21T06:09:09.406Z,GideonRo#3175,innov8tor3#3988,"for strong listening and thinking skills, but also stepping into connectivity, seeing that folk having effective dialogue with stewards in the right place to make a difference begins to make any organisation tick along more effectively.",8,21,8,34,13,,,,,,False,False,False,False,False,lee0007#8152,Mettodo#7010,Nuggan#5183,r33pich33p#6906,Zeptimus#3359,16.8,26
14,63a47a874287630828df064e,2022-12-22T15:40:55.958Z,divine_comedian#5493,enti#1546,"for deploying LASERTAG on mainnet, we now can access funds sent from Giveth donations and more things on Ethereum!",34,13,8,34,13,,,,,,False,False,False,False,False,lee0007#8152,Mettodo#7010,Nuggan#5183,r33pich33p#6906,Zeptimus#3359,20.4,26
20,63a616bc4287630828df0690,2022-12-23T20:59:40.597Z,r-x-x#8344,GideonRo#3175,for fixing a roles configuration problem in Discord that was preventing Clarity from syncing threads with Discord,8,21,8,34,13,,,,,,False,False,False,False,False,lee0007#8152,Mettodo#7010,Nuggan#5183,r33pich33p#6906,Zeptimus#3359,16.8,26
11,63a34b0f4287630828df0617,2022-12-21T18:06:07.056Z,Sha#6179,GideonRo#3175,for helping to think through how to use the curation service for interest groups,5,8,8,21,5,,,,,,False,False,False,False,False,lee0007#8152,Mettodo#7010,Nuggan#5183,r33pich33p#6906,Zeptimus#3359,9.4,16
5,63a216f24287630828df05d4,2022-12-20T20:11:30.107Z,r-x-x#8344,"Griff (💜,💜)#8888",for setting up the issues channel :-D,5,5,8,21,13,,,,,,False,False,False,False,False,lee0007#8152,Mettodo#7010,Nuggan#5183,r33pich33p#6906,Zeptimus#3359,10.4,16
1,63a102e94287630828df059c,2022-12-20T00:33:45.659Z,natesuits#4789,GideonRo#3175,for moderating the first Voting Systems Interest Group meeting today and leading a valuable discussion,8,21,8,21,8,,,,,,False,False,False,False,False,lee0007#8152,Mettodo#7010,Nuggan#5183,r33pich33p#6906,Zeptimus#3359,13.2,13
13,63a39cdd4287630828df0635,2022-12-21T23:55:09.475Z,divine_comedian#5493,pat.zip (TE Academy)#5266,for sending me a reminder and keep me from forgetting to quantify praises 🎉,3,8,8,13,8,,,,,,False,False,False,False,False,lee0007#8152,Mettodo#7010,Nuggan#5183,r33pich33p#6906,Zeptimus#3359,8.0,10
0,63a102b64287630828df058d,2022-12-20T00:32:54.849Z,natesuits#4789,GideonRo#3175,for his leadership in starting up the Voting Systems Interest Group and thinking through the processes for running it.,13,13,13,21,13,,,,,,False,False,False,False,False,lee0007#8152,Mettodo#7010,Nuggan#5183,r33pich33p#6906,Zeptimus#3359,14.6,8
4,63a1030c4287630828df05b9,2022-12-20T00:34:20.366Z,r-x-x#8344,GideonRo#3175,for attending the first Voting Systems Interest Group meeting today,3,1,1,8,1,,,,,,False,False,False,False,False,lee0007#8152,Mettodo#7010,Nuggan#5183,r33pich33p#6906,Zeptimus#3359,2.8,7
3,63a103094287630828df05b2,2022-12-20T00:34:17.930Z,enti#1546,GideonRo#3175,for attending the first Voting Systems Interest Group meeting today,3,1,1,8,1,,,,,,False,False,False,False,False,lee0007#8152,Mettodo#7010,Nuggan#5183,r33pich33p#6906,Zeptimus#3359,2.8,7
2,63a103084287630828df05ab,2022-12-20T00:34:16.931Z,GideonRo#3175,GideonRo#3175,for attending the first Voting Systems Interest Group meeting today,3,1,1,8,1,,,,,,False,False,False,False,False,lee0007#8152,Mettodo#7010,Nuggan#5183,r33pich33p#6906,Zeptimus#3359,2.8,7
