ID,DATE,TO USER ACCOUNT,TO USER ACCOUNT ID,TO ETH ADDRESS,FROM USER ACCOUNT,FROM USER ACCOUNT ID,FROM ETH ADDRESS,REASON,SOURCE ID,SOURCE NAME,SCORE 1,SCORE 2,SCORE 3,SCORE 4,SCORE 5,DUPLICATE ID 1,DUPLICATE ID 2,DUPLICATE ID 3,DUPLICATE ID 4,DUPLICATE ID 5,DISMISSED 1,DISMISSED 2,DISMISSED 3,DISMISSED 4,DISMISSED 5,QUANTIFIER 1 USERNAME,QUANTIFIER 1 ETH ADDRESS,QUANTIFIER 2 USERNAME,QUANTIFIER 2 ETH ADDRESS,QUANTIFIER 3 USERNAME,QUANTIFIER 3 ETH ADDRESS,QUANTIFIER 4 USERNAME,QUANTIFIER 4 ETH ADDRESS,QUANTIFIER 5 USERNAME,QUANTIFIER 5 ETH ADDRESS,AVG SCORE,PERCENTAGE,TOKEN TO RECEIVE
63a102b64287630828df058d,2022-12-20T00:32:54.849Z,natesuits#4789,621f79cf95a79aa51435b2f7,0x66dF5A7715C5D4AfbBFA52435c66aa20733be0d1,GideonRo#3175,621f79d595a79aa51435c5ff,0xB08F0ca73E8A59a1b7970e22B8ed2F9142c3fA53,for his leadership in starting up the Voting Systems Interest Group and thinking through the processes for running it.,DISCORD:810180621930070088:1050115272427708466,DISCORD:Token%20Engineering%20Commons:%F0%9F%97%B3%EF%BD%9Cvoting-systems,13,13,13,21,13,,,,,,False,False,False,False,False,lee0007#8152,0x3E31155a1c17c9F85e74828447aec412090a4622,Mettodo#7010,0x7710E7e881333Fd3396Ca5966BeD6E72746b612D,Nuggan#5183,0x0Bf920dfE6D36829aB5b0e153857D4CA689E46fB,r33pich33p#6906,0x4318cC449b1cbE6d64dd82E16abE58C79E076C2B,Zeptimus#3359,0xaa79B87DC8B046A5E4f7D03F1562D7fe5BF98737,14.6,0.042615294804436654,2.388250101576182
63a102e94287630828df059c,2022-12-20T00:33:45.659Z,natesuits#4789,621f79cf95a79aa51435b2f7,0x66dF5A7715C5D4AfbBFA52435c66aa20733be0d1,GideonRo#3175,621f79d595a79aa51435c5ff,0xB08F0ca73E8A59a1b7970e22B8ed2F9142c3fA53,for moderating the first Voting Systems Interest Group meeting today and leading a valuable discussion,DISCORD:810180621930070088:1050115272427708466,DISCORD:Token%20Engineering%20Commons:%F0%9F%97%B3%EF%BD%9Cvoting-systems,8,21,8,21,8,,,,,,False,False,False,False,False,lee0007#8152,0x3E31155a1c17c9F85e74828447aec412090a4622,Mettodo#7010,0x7710E7e881333Fd3396Ca5966BeD6E72746b612D,Nuggan#5183,0x0Bf920dfE6D36829aB5b0e153857D4CA689E46fB,r33pich33p#6906,0x4318cC449b1cbE6d64dd82E16abE58C79E076C2B,Zeptimus#3359,0xaa79B87DC8B046A5E4f7D03F1562D7fe5BF98737,13.2,0.03852889667250437,2.1592398178633974
63a103084287630828df05ab,2022-12-20T00:34:16.931Z,GideonRo#3175,621f79d595a79aa51435c5ff,0xB08F0ca73E8A59a1b7970e22B8ed2F9142c3fA53,GideonRo#3175,621f79d595a79aa51435c5ff,0xB08F0ca73E8A59a1b7970e22B8ed2F9142c3fA53,for attending the first Voting Systems Interest Group meeting today,DISCORD:810180621930070088:1050115272427708466,DISCORD:Token%20Engineering%20Commons:%F0%9F%97%B3%EF%BD%9Cvoting-systems,3,1,1,8,1,,,,,,False,False,False,False,False,lee0007#8152,0x3E31155a1c17c9F85e74828447aec412090a4622,Mettodo#7010,0x7710E7e881333Fd3396Ca5966BeD6E72746b612D,Nuggan#5183,0x0Bf920dfE6D36829aB5b0e153857D4CA689E46fB,r33pich33p#6906,0x4318cC449b1cbE6d64dd82E16abE58C79E076C2B,Zeptimus#3359,0xaa79B87DC8B046A5E4f7D03F1562D7fe5BF98737,2.8,0.008172796263864563,0.45802056742556907
63a103094287630828df05b2,2022-12-20T00:34:17.930Z,enti#1546,6220d93f95a79aa51436be5e,0x6897aBe0fD62B589260784B21F4ca3F78A0D8017,GideonRo#3175,621f79d595a79aa51435c5ff,0xB08F0ca73E8A59a1b7970e22B8ed2F9142c3fA53,for attending the first Voting Systems Interest Group meeting today,DISCORD:810180621930070088:1050115272427708466,DISCORD:Token%20Engineering%20Commons:%F0%9F%97%B3%EF%BD%9Cvoting-systems,3,1,1,8,1,,,,,,False,False,False,False,False,lee0007#8152,0x3E31155a1c17c9F85e74828447aec412090a4622,Mettodo#7010,0x7710E7e881333Fd3396Ca5966BeD6E72746b612D,Nuggan#5183,0x0Bf920dfE6D36829aB5b0e153857D4CA689E46fB,r33pich33p#6906,0x4318cC449b1cbE6d64dd82E16abE58C79E076C2B,Zeptimus#3359,0xaa79B87DC8B046A5E4f7D03F1562D7fe5BF98737,2.8,0.008172796263864563,0.45802056742556907
63a1030c4287630828df05b9,2022-12-20T00:34:20.366Z,r-x-x#8344,62719c82d6f46f43ffe0ce96,0x1409a9ef3450D5d50aAd004f417436e772FbF8fC,GideonRo#3175,621f79d595a79aa51435c5ff,0xB08F0ca73E8A59a1b7970e22B8ed2F9142c3fA53,for attending the first Voting Systems Interest Group meeting today,DISCORD:810180621930070088:1050115272427708466,DISCORD:Token%20Engineering%20Commons:%F0%9F%97%B3%EF%BD%9Cvoting-systems,3,1,1,8,1,,,,,,False,False,False,False,False,lee0007#8152,0x3E31155a1c17c9F85e74828447aec412090a4622,Mettodo#7010,0x7710E7e881333Fd3396Ca5966BeD6E72746b612D,Nuggan#5183,0x0Bf920dfE6D36829aB5b0e153857D4CA689E46fB,r33pich33p#6906,0x4318cC449b1cbE6d64dd82E16abE58C79E076C2B,Zeptimus#3359,0xaa79B87DC8B046A5E4f7D03F1562D7fe5BF98737,2.8,0.008172796263864563,0.45802056742556907
63a216f24287630828df05d4,2022-12-20T20:11:30.107Z,r-x-x#8344,62719c82d6f46f43ffe0ce96,0x1409a9ef3450D5d50aAd004f417436e772FbF8fC,"Griff (💜,💜)#8888",621f79ce95a79aa51435b223,0x839395e20bbB182fa440d08F850E6c7A8f6F0780,for setting up the issues channel :-D,DISCORD:810180621930070088:1050478620239482941,DISCORD:Token%20Engineering%20Commons:%E2%9D%93%EF%BD%9Cissues,5,5,8,21,13,,,,,,False,False,False,False,False,lee0007#8152,0x3E31155a1c17c9F85e74828447aec412090a4622,Mettodo#7010,0x7710E7e881333Fd3396Ca5966BeD6E72746b612D,Nuggan#5183,0x0Bf920dfE6D36829aB5b0e153857D4CA689E46fB,r33pich33p#6906,0x4318cC449b1cbE6d64dd82E16abE58C79E076C2B,Zeptimus#3359,0xaa79B87DC8B046A5E4f7D03F1562D7fe5BF98737,10.4,0.030356100408639813,1.7012192504378283
63a246144287630828df05e3,2022-12-20T23:32:36.572Z,SatoriD#2945,624c5f8871e68891991f0c76,0xeE9f5aB4faeCBe30012f675Bb938031BC51bB49B,Mert Ozd#6679,621f79dd95a79aa51435e276,0x9690a9E92edadd9a4ff64da25eb6AD60791C37ff,"for amaing work in conslience library process. They succesfully project manage, turn design ideas to actual designs and functional wireframes. It is truly a amazing work that one praise may not cover fully.",DISCORD:810180621930070088:948663379487252530,DISCORD:Token%20Engineering%20Commons:%F0%9F%8E%91%EF%BD%9Comega%20%2F%20Consilience%20Library,8,21,21,55,8,,,,,,False,False,False,False,False,lee0007#8152,0x3E31155a1c17c9F85e74828447aec412090a4622,Mettodo#7010,0x7710E7e881333Fd3396Ca5966BeD6E72746b612D,Nuggan#5183,0x0Bf920dfE6D36829aB5b0e153857D4CA689E46fB,r33pich33p#6906,0x4318cC449b1cbE6d64dd82E16abE58C79E076C2B,Zeptimus#3359,0xaa79B87DC8B046A5E4f7D03F1562D7fe5BF98737,22.6,0.06596614127262113,3.6968802942206653
63a246144287630828df05ea,2022-12-20T23:32:36.992Z,solsista#5370,621f79d095a79aa51435b5e0,0x949Bba9F1C13F2461835366AEBcb53c852dd4308,Mert Ozd#6679,621f79dd95a79aa51435e276,0x9690a9E92edadd9a4ff64da25eb6AD60791C37ff,"for amaing work in conslience library process. They succesfully project manage, turn design ideas to actual designs and functional wireframes. It is truly a amazing work that one praise may not cover fully.",DISCORD:810180621930070088:948663379487252530,DISCORD:Token%20Engineering%20Commons:%F0%9F%8E%91%EF%BD%9Comega%20%2F%20Consilience%20Library,8,8,21,55,13,,,,,,False,False,False,False,False,lee0007#8152,0x3E31155a1c17c9F85e74828447aec412090a4622,Mettodo#7010,0x7710E7e881333Fd3396Ca5966BeD6E72746b612D,Nuggan#5183,0x0Bf920dfE6D36829aB5b0e153857D4CA689E46fB,r33pich33p#6906,0x4318cC449b1cbE6d64dd82E16abE58C79E076C2B,Zeptimus#3359,0xaa79B87DC8B046A5E4f7D03F1562D7fe5BF98737,21.0,0.06129597197898423,3.4351542556917685
63a246154287630828df05f1,2022-12-20T23:32:37.316Z,Jolly LaMa#5962,624da6ab71e6889199209790,,Mert Ozd#6679,621f79dd95a79aa51435e276,0x9690a9E92edadd9a4ff64da25eb6AD60791C37ff,"for amaing work in conslience library process. They succesfully project manage, turn design ideas to actual designs and functional wireframes. It is truly a amazing work that one praise may not cover fully.",DISCORD:810180621930070088:948663379487252530,DISCORD:Token%20Engineering%20Commons:%F0%9F%8E%91%EF%BD%9Comega%20%2F%20Consilience%20Library,8,8,21,55,13,,,,,,False,False,False,False,False,lee0007#8152,0x3E31155a1c17c9F85e74828447aec412090a4622,Mettodo#7010,0x7710E7e881333Fd3396Ca5966BeD6E72746b612D,Nuggan#5183,0x0Bf920dfE6D36829aB5b0e153857D4CA689E46fB,r33pich33p#6906,0x4318cC449b1cbE6d64dd82E16abE58C79E076C2B,Zeptimus#3359,0xaa79B87DC8B046A5E4f7D03F1562D7fe5BF98737,21.0,0.06129597197898423,3.4351542556917685
63a246154287630828df05f9,2022-12-20T23:32:37.783Z,Letty#5399,621f79d095a79aa51435b5e9,0x66D9dfddC3AD45d6383D5B9e9354F60Bc9D16A8e,Mert Ozd#6679,621f79dd95a79aa51435e276,0x9690a9E92edadd9a4ff64da25eb6AD60791C37ff,"for amaing work in conslience library process. They succesfully project manage, turn design ideas to actual designs and functional wireframes. It is truly a amazing work that one praise may not cover fully.",DISCORD:810180621930070088:948663379487252530,DISCORD:Token%20Engineering%20Commons:%F0%9F%8E%91%EF%BD%9Comega%20%2F%20Consilience%20Library,8,8,21,55,8,,,,,,False,False,False,False,False,lee0007#8152,0x3E31155a1c17c9F85e74828447aec412090a4622,Mettodo#7010,0x7710E7e881333Fd3396Ca5966BeD6E72746b612D,Nuggan#5183,0x0Bf920dfE6D36829aB5b0e153857D4CA689E46fB,r33pich33p#6906,0x4318cC449b1cbE6d64dd82E16abE58C79E076C2B,Zeptimus#3359,0xaa79B87DC8B046A5E4f7D03F1562D7fe5BF98737,20.0,0.05837711617046117,3.271575481611208
63a2a3054287630828df0608,2022-12-21T06:09:09.406Z,GideonRo#3175,621f79d595a79aa51435c5ff,0xB08F0ca73E8A59a1b7970e22B8ed2F9142c3fA53,innov8tor3#3988,621f79d195a79aa51435b94e,0xBCAD90F4a1ED4067d9bC33D4089FF18A82250253,"for strong listening and thinking skills, but also stepping into connectivity, seeing that folk having effective dialogue with stewards in the right place to make a difference begins to make any organisation tick along more effectively.",DISCORD:810180621930070088:810180622165213218,DISCORD:Token%20Engineering%20Commons:%F0%9F%92%AC%EF%BD%9Cgeneral,8,21,8,34,13,,,,,,False,False,False,False,False,lee0007#8152,0x3E31155a1c17c9F85e74828447aec412090a4622,Mettodo#7010,0x7710E7e881333Fd3396Ca5966BeD6E72746b612D,Nuggan#5183,0x0Bf920dfE6D36829aB5b0e153857D4CA689E46fB,r33pich33p#6906,0x4318cC449b1cbE6d64dd82E16abE58C79E076C2B,Zeptimus#3359,0xaa79B87DC8B046A5E4f7D03F1562D7fe5BF98737,16.8,0.04903677758318739,2.748123404553415
63a34b0f4287630828df0617,2022-12-21T18:06:07.056Z,Sha#6179,6224ffc66cf31bb86ae975c4,0x46D79ec988A2f603477e81Ff2C0C7EDeF3901145,GideonRo#3175,621f79d595a79aa51435c5ff,0xB08F0ca73E8A59a1b7970e22B8ed2F9142c3fA53,for helping to think through how to use the curation service for interest groups,DISCORD:810180621930070088:1054560428237262948,DISCORD:Token%20Engineering%20Commons:%F0%9F%97%B3%EF%BD%9Cvoting-systems%20%2F%20Praise%20for%20Voting%20System,5,8,8,21,5,,,,,,False,False,False,False,False,lee0007#8152,0x3E31155a1c17c9F85e74828447aec412090a4622,Mettodo#7010,0x7710E7e881333Fd3396Ca5966BeD6E72746b612D,Nuggan#5183,0x0Bf920dfE6D36829aB5b0e153857D4CA689E46fB,r33pich33p#6906,0x4318cC449b1cbE6d64dd82E16abE58C79E076C2B,Zeptimus#3359,0xaa79B87DC8B046A5E4f7D03F1562D7fe5BF98737,9.4,0.027437244600116754,1.537640476357268
63a39cbd4287630828df0626,2022-12-21T23:54:37.908Z,Vyvy-vi#5040,621f79ce95a79aa51435b207,0x2fA130927814B590623031e846f059df9554FdDe,pat.zip (TE Academy)#5266,621f79d995a79aa51435d3aa,0x9F6b969Ee3F9C2b0a528b3029049e34BBD4bdB49,"for building the praise bot that includes sending DMs for important reminders, for example for quantifiers to quantify",DISCORD:810180621930070088:932649711259766865,DISCORD:Token%20Engineering%20Commons:%F0%9F%99%8F%EF%BD%9Cquantifier-support,13,21,21,55,5,,,,,,False,False,False,False,False,lee0007#8152,0x3E31155a1c17c9F85e74828447aec412090a4622,Mettodo#7010,0x7710E7e881333Fd3396Ca5966BeD6E72746b612D,Nuggan#5183,0x0Bf920dfE6D36829aB5b0e153857D4CA689E46fB,r33pich33p#6906,0x4318cC449b1cbE6d64dd82E16abE58C79E076C2B,Zeptimus#3359,0xaa79B87DC8B046A5E4f7D03F1562D7fe5BF98737,23.0,0.06713368359603035,3.762311803852889
63a39cdd4287630828df0635,2022-12-21T23:55:09.475Z,divine_comedian#5493,621f79cf95a79aa51435b4cc,0x320c338BCF70bAAaE26e96201C33B48105Bc62C2,pat.zip (TE Academy)#5266,621f79d995a79aa51435d3aa,0x9F6b969Ee3F9C2b0a528b3029049e34BBD4bdB49,for sending me a reminder and keep me from forgetting to quantify praises 🎉,DISCORD:810180621930070088:932649711259766865,DISCORD:Token%20Engineering%20Commons:%F0%9F%99%8F%EF%BD%9Cquantifier-support,3,8,8,13,8,,,,,,False,False,False,False,False,lee0007#8152,0x3E31155a1c17c9F85e74828447aec412090a4622,Mettodo#7010,0x7710E7e881333Fd3396Ca5966BeD6E72746b612D,Nuggan#5183,0x0Bf920dfE6D36829aB5b0e153857D4CA689E46fB,r33pich33p#6906,0x4318cC449b1cbE6d64dd82E16abE58C79E076C2B,Zeptimus#3359,0xaa79B87DC8B046A5E4f7D03F1562D7fe5BF98737,8.0,0.023350846468184472,1.3086301926444834
63a47a874287630828df064e,2022-12-22T15:40:55.958Z,divine_comedian#5493,621f79cf95a79aa51435b4cc,0x320c338BCF70bAAaE26e96201C33B48105Bc62C2,enti#1546,6220d93f95a79aa51436be5e,0x6897aBe0fD62B589260784B21F4ca3F78A0D8017,"for deploying LASERTAG on mainnet, we now can access funds sent from Giveth donations and more things on Ethereum!",DISCORD:810180621930070088:810180622336262195,DISCORD:Token%20Engineering%20Commons:%F0%9F%99%8F%EF%BD%9Cpraise,34,13,8,34,13,,,,,,False,False,False,False,False,lee0007#8152,0x3E31155a1c17c9F85e74828447aec412090a4622,Mettodo#7010,0x7710E7e881333Fd3396Ca5966BeD6E72746b612D,Nuggan#5183,0x0Bf920dfE6D36829aB5b0e153857D4CA689E46fB,r33pich33p#6906,0x4318cC449b1cbE6d64dd82E16abE58C79E076C2B,Zeptimus#3359,0xaa79B87DC8B046A5E4f7D03F1562D7fe5BF98737,20.4,0.059544658493870396,3.3370069912434324
63a55a5c4287630828df065d,2022-12-23T07:35:56.295Z,divine_comedian#5493,621f79cf95a79aa51435b4cc,0x320c338BCF70bAAaE26e96201C33B48105Bc62C2,innov8tor3#3988,621f79d195a79aa51435b94e,0xBCAD90F4a1ED4067d9bC33D4089FF18A82250253,"for the dedication he shows to the rewards scheme, making sure praise raters show up regularly to allocate praise scores. I hope he's getting some great insight from this and can in time use it more widely on behalf of TEC",DISCORD:810180621930070088:932649711259766865,DISCORD:Token%20Engineering%20Commons:%F0%9F%99%8F%EF%BD%9Cquantifier-support,13,55,21,55,21,,,,,,False,False,False,False,False,lee0007#8152,0x3E31155a1c17c9F85e74828447aec412090a4622,Mettodo#7010,0x7710E7e881333Fd3396Ca5966BeD6E72746b612D,Nuggan#5183,0x0Bf920dfE6D36829aB5b0e153857D4CA689E46fB,r33pich33p#6906,0x4318cC449b1cbE6d64dd82E16abE58C79E076C2B,Zeptimus#3359,0xaa79B87DC8B046A5E4f7D03F1562D7fe5BF98737,33.0,0.09632224168126094,5.398099544658494
63a5bf3d4287630828df066c,2022-12-23T14:46:21.012Z,akrtws (TE Academy)#4246,621f79cf95a79aa51435b3c3,0xA26d6AEB775a9528c012B748ACe66E3B0FD574cE,divine_comedian#5493,621f79cf95a79aa51435b4cc,0x320c338BCF70bAAaE26e96201C33B48105Bc62C2,"for the amazing and constant community work they are doing in the Token Engineering Academy! So much stuff happening all the time, it's really great to see.",DISCORD:810180621930070088:810180622336262195,DISCORD:Token%20Engineering%20Commons:%F0%9F%99%8F%EF%BD%9Cpraise,21,21,8,55,8,,,,,,False,False,False,False,False,lee0007#8152,0x3E31155a1c17c9F85e74828447aec412090a4622,Mettodo#7010,0x7710E7e881333Fd3396Ca5966BeD6E72746b612D,Nuggan#5183,0x0Bf920dfE6D36829aB5b0e153857D4CA689E46fB,r33pich33p#6906,0x4318cC449b1cbE6d64dd82E16abE58C79E076C2B,Zeptimus#3359,0xaa79B87DC8B046A5E4f7D03F1562D7fe5BF98737,22.6,0.06596614127262113,3.6968802942206653
63a5bf3e4287630828df0673,2022-12-23T14:46:22.171Z,🐙 octopus#5508,621f79d995a79aa51435d2e2,0x77d40c87D423eFb7ec576e80998A48377Adf86dF,divine_comedian#5493,621f79cf95a79aa51435b4cc,0x320c338BCF70bAAaE26e96201C33B48105Bc62C2,"for the amazing and constant community work they are doing in the Token Engineering Academy! So much stuff happening all the time, it's really great to see.",DISCORD:810180621930070088:810180622336262195,DISCORD:Token%20Engineering%20Commons:%F0%9F%99%8F%EF%BD%9Cpraise,21,13,8,55,8,,,,,,False,False,False,False,False,lee0007#8152,0x3E31155a1c17c9F85e74828447aec412090a4622,Mettodo#7010,0x7710E7e881333Fd3396Ca5966BeD6E72746b612D,Nuggan#5183,0x0Bf920dfE6D36829aB5b0e153857D4CA689E46fB,r33pich33p#6906,0x4318cC449b1cbE6d64dd82E16abE58C79E076C2B,Zeptimus#3359,0xaa79B87DC8B046A5E4f7D03F1562D7fe5BF98737,21.0,0.06129597197898423,3.4351542556917685
63a5bf3e4287630828df067a,2022-12-23T14:46:22.801Z,angieberry.eth#9822,621f79da95a79aa51435d52a,0xc163041D404e7657530491577665E40Da84C9Bd7,divine_comedian#5493,621f79cf95a79aa51435b4cc,0x320c338BCF70bAAaE26e96201C33B48105Bc62C2,"for the amazing and constant community work they are doing in the Token Engineering Academy! So much stuff happening all the time, it's really great to see.",DISCORD:810180621930070088:810180622336262195,DISCORD:Token%20Engineering%20Commons:%F0%9F%99%8F%EF%BD%9Cpraise,13,13,8,55,8,,,,,,False,False,False,False,False,lee0007#8152,0x3E31155a1c17c9F85e74828447aec412090a4622,Mettodo#7010,0x7710E7e881333Fd3396Ca5966BeD6E72746b612D,Nuggan#5183,0x0Bf920dfE6D36829aB5b0e153857D4CA689E46fB,r33pich33p#6906,0x4318cC449b1cbE6d64dd82E16abE58C79E076C2B,Zeptimus#3359,0xaa79B87DC8B046A5E4f7D03F1562D7fe5BF98737,19.4,0.05662580268534734,3.1734282171628716
63a5bf3f4287630828df0681,2022-12-23T14:46:23.340Z,pat.zip (TE Academy)#5266,621f79d995a79aa51435d3aa,0x9F6b969Ee3F9C2b0a528b3029049e34BBD4bdB49,divine_comedian#5493,621f79cf95a79aa51435b4cc,0x320c338BCF70bAAaE26e96201C33B48105Bc62C2,"for the amazing and constant community work they are doing in the Token Engineering Academy! So much stuff happening all the time, it's really great to see.",DISCORD:810180621930070088:810180622336262195,DISCORD:Token%20Engineering%20Commons:%F0%9F%99%8F%EF%BD%9Cpraise,21,13,8,55,8,,,,,,False,False,False,False,False,lee0007#8152,0x3E31155a1c17c9F85e74828447aec412090a4622,Mettodo#7010,0x7710E7e881333Fd3396Ca5966BeD6E72746b612D,Nuggan#5183,0x0Bf920dfE6D36829aB5b0e153857D4CA689E46fB,r33pich33p#6906,0x4318cC449b1cbE6d64dd82E16abE58C79E076C2B,Zeptimus#3359,0xaa79B87DC8B046A5E4f7D03F1562D7fe5BF98737,21.0,0.06129597197898423,3.4351542556917685
63a616bc4287630828df0690,2022-12-23T20:59:40.597Z,r-x-x#8344,62719c82d6f46f43ffe0ce96,0x1409a9ef3450D5d50aAd004f417436e772FbF8fC,GideonRo#3175,621f79d595a79aa51435c5ff,0xB08F0ca73E8A59a1b7970e22B8ed2F9142c3fA53,for fixing a roles configuration problem in Discord that was preventing Clarity from syncing threads with Discord,DISCORD:810180621930070088:1055952664892022925,DISCORD:Token%20Engineering%20Commons:%F0%9F%90%9D%EF%BD%9Ccoordinators%20%2F%20Praise!%20-%20Coordination,8,21,8,34,13,,,,,,False,False,False,False,False,lee0007#8152,0x3E31155a1c17c9F85e74828447aec412090a4622,Mettodo#7010,0x7710E7e881333Fd3396Ca5966BeD6E72746b612D,Nuggan#5183,0x0Bf920dfE6D36829aB5b0e153857D4CA689E46fB,r33pich33p#6906,0x4318cC449b1cbE6d64dd82E16abE58C79E076C2B,Zeptimus#3359,0xaa79B87DC8B046A5E4f7D03F1562D7fe5BF98737,16.8,0.04903677758318739,2.748123404553415
